Cidade;UF;Visitas;lat;lon
Campo Grande;MS;23689;-20.4486;-54.6295
Desconhecido;MS;3659;;
Sao Paulo;Outros/Desconhecido;3214;;
Dourados;MS;3176;-22.2231;-54.812
Tres Lagoas;MS;1498;;
Joao Pessoa;Outros/Desconhecido;1162;;
Belem;Outros/Desconhecido;1122;;
Brasilia;DF;917;;
Ponta Pora;MS;886;;
Aquidauana;MS;719;-20.4666;-55.7868
Corumba;MS;703;;
Ananindeua;Outros/Desconhecido;700;;
Rio de Janeiro;RJ;697;;
Nova Andradina;MS;529;-22.238;-53.3437
Navirai;MS;433;;
Sidrolandia;MS;399;;
Recife;PE;387;;
Bonito;MS;355;-21.1261;-56.4836
Paranaiba;MS;333;;
Desconhecido;Outros/Desconhecido;311;;
Amambai;MS;310;-23.1058;-55.2253
Chapadao do Sul;MS;287;;
Jardim;MS;256;-21.4799;-56.1489
Curitiba;Outros/Desconhecido;229;;
Nova Iguacu;RJ;227;;
Ivinhema;MS;193;-22.3046;-53.8184
Campinas;Outros/Desconhecido;183;;
Bataguassu;MS;181;-21.7159;-52.4221
Caarapo;MS;170;;
Maringa;Outros/Desconhecido;167;;
Goiania;Outros/Desconhecido;139;;
Santo Andre;Outros/Desconhecido;131;;
Fortaleza;CE;122;;
Salvador;BA;112;;
Frutal;MG;112;;
Juazeiro do Norte;CE;100;;
Desconhecido;Paraguay;100;;
Sao Joao de Meriti;RJ;96;;
Guaira;Outros/Desconhecido;88;;
Presidente Epitacio;Outros/Desconhecido;84;;
Marituba;Outros/Desconhecido;83;;
Sao Jose do Rio Preto;Outros/Desconhecido;81;;
Belo Horizonte;MG;77;;
Uberlandia;MG;68;;
Bauru;Outros/Desconhecido;64;;
Cuiaba;MT;64;;
Paranavai;Outros/Desconhecido;62;;
Guarulhos;Outros/Desconhecido;62;;
Simoes Filho;BA;57;;
Sao Bernardo do Campo;Outros/Desconhecido;55;;
Nilopolis;RJ;50;;
Desconhecido;MG;50;;
Presidente Prudente;Outros/Desconhecido;49;;
Andradina;Outros/Desconhecido;47;;
Florianopolis;SC;45;;
Iturama;MG;42;;
Itaperuna;RJ;42;;
Ribeirao Preto;Outros/Desconhecido;40;;
Sao Luis;Outros/Desconhecido;40;;
Duque de Caxias;RJ;34;;
Santo Anastacio;Outros/Desconhecido;34;;
Desconhecido;MT;33;;
Londrina;Outros/Desconhecido;32;;
Maceio;AL;31;;
Sorocaba;Outros/Desconhecido;31;;
Cascavel;Outros/Desconhecido;30;;
Belford Roxo;RJ;30;;
Porto Alegre;RS;30;;
Campo Mourao;Outros/Desconhecido;29;;
Dracena;Outros/Desconhecido;29;;
Osasco;Outros/Desconhecido;29;;
Vila Velha;Outros/Desconhecido;29;;
Rondonopolis;MT;28;;
Rio das Ostras;RJ;27;;
Paranhos;MS;27;-23.8911;-55.429
Ilha Solteira;Outros/Desconhecido;26;;
Asuncion;Paraguay;25;;
Sarandi;Outros/Desconhecido;23;;
Suzano;Outros/Desconhecido;23;;
Desconhecido;BA;23;;
Franca;Outros/Desconhecido;22;;
Aracatuba;Outros/Desconhecido;22;;
Botucatu;Outros/Desconhecido;22;;
Santa Rita;Outros/Desconhecido;22;;
Penapolis;Outros/Desconhecido;22;;
Joinville;SC;22;;
Vitoria;Outros/Desconhecido;22;;
Jacobina;BA;21;;
Americana;Outros/Desconhecido;21;;
Castanhal;Outros/Desconhecido;21;;
Abaetetuba;Outros/Desconhecido;21;;
Natal;RN;21;;
Terra Roxa;Outros/Desconhecido;20;;
Barueri;Outros/Desconhecido;20;;
Itaquaquecetuba;Outros/Desconhecido;20;;
Sao Jose dos Campos;Outros/Desconhecido;19;;
Santarem;Outros/Desconhecido;19;;
Manaus;AM;18;;
Braganca Paulista;Outros/Desconhecido;18;;
Niteroi;RJ;18;;
Jales;Outros/Desconhecido;17;;
Itu;Outros/Desconhecido;17;;
Porto Velho;Outros/Desconhecido;17;;
Santa Fe do Sul;Outros/Desconhecido;16;;
Sobral;CE;16;;
Ourinhos;Outros/Desconhecido;16;;
Cabo Frio;RJ;16;;
Mogi das Cruzes;Outros/Desconhecido;16;;
Barretos;Outros/Desconhecido;16;;
Bastos;Outros/Desconhecido;16;;
Japeri;RJ;15;;
Tupi Paulista;Outros/Desconhecido;15;;
Desconhecido;DF;15;;
Cotia;Outros/Desconhecido;14;;
Cabedelo;Outros/Desconhecido;13;;
Sumare;Outros/Desconhecido;13;;
Imperatriz;Outros/Desconhecido;13;;
Indaiatuba;Outros/Desconhecido;13;;
Jundiai;Outros/Desconhecido;13;;
Greerton;New Zealand;13;;
Barcarena;Outros/Desconhecido;12;;
Araraquara;Outros/Desconhecido;12;;
Desconhecido;RJ;12;;
Aquiraz;CE;11;;
Juquitiba;Outros/Desconhecido;11;;
Itapevi;Outros/Desconhecido;11;;
Bayeux;Outros/Desconhecido;11;;
Registro;Outros/Desconhecido;11;;
Desconhecido;CE;11;;
Presidente Venceslau;Outros/Desconhecido;11;;
Santos;Outros/Desconhecido;11;;
Vitoria da Conquista;BA;11;;
Desconhecido;United States;10;;
Cajamar;Outros/Desconhecido;10;;
Encarnacion;Paraguay;10;;
Palmas;TO;10;;
Tatui;Outros/Desconhecido;10;;
Paulinia;Outros/Desconhecido;10;;
Aruja;Outros/Desconhecido;10;;
Caraguatatuba;Outros/Desconhecido;10;;
Sao Sebastiao;Outros/Desconhecido;9;;
Assis;Outros/Desconhecido;9;;
Contagem;MG;9;;
Blumenau;SC;9;;
Caucaia;CE;9;;
Carapicuiba;Outros/Desconhecido;9;;
Cacapava;Outros/Desconhecido;9;;
Foz do Iguacu;Outros/Desconhecido;9;;
Desconhecido;AM;9;;
Porto Seguro;BA;9;;
Resende;RJ;9;;
Salinopolis;Outros/Desconhecido;9;;
Vicente de Carvalho;Outros/Desconhecido;8;;
Uberaba;MG;8;;
Pocos de Caldas;MG;8;;
Itaguai;RJ;8;;
Lauro de Freitas;BA;8;;
Piracicaba;Outros/Desconhecido;8;;
Montes Claros;MG;8;;
Sao Caetano do Sul;Outros/Desconhecido;8;;
Birigui;Outros/Desconhecido;8;;
Marilia;Outros/Desconhecido;8;;
Taubate;Outros/Desconhecido;8;;
Toledo;Outros/Desconhecido;7;;
Sao Joao da Boa Vista;Outros/Desconhecido;7;;
Arapongas;Outros/Desconhecido;7;;
Santa Barbara d'Oeste;Outros/Desconhecido;7;;
Santana de Parnaiba;Outros/Desconhecido;7;;
Santa Cruz De La Sierra;Bolivia;7;;
Mogi Guacu;Outros/Desconhecido;7;;
Anapolis;Outros/Desconhecido;7;;
Serra;Outros/Desconhecido;7;;
Jau;Outros/Desconhecido;7;;
Palotina;Outros/Desconhecido;7;;
Sao Jose de Ribamar;Outros/Desconhecido;7;;
Desconhecido;China;7;;
Cubatao;Outros/Desconhecido;7;;
Desconhecido;(not set);7;;
Itapolis;Outros/Desconhecido;7;;
Juiz de Fora;MG;7;;
Reston;United States;7;;
Promissao;Outros/Desconhecido;7;;
Itaituba;Outros/Desconhecido;7;;
Ribeirao Pires;Outros/Desconhecido;7;;
Itajai;SC;7;;
Piedade;Outros/Desconhecido;7;;
Tefe;AM;6;;
Batatais;Outros/Desconhecido;6;;
Adamantina;Outros/Desconhecido;6;;
Mountain View;United States;6;;
Tucurui;Outros/Desconhecido;6;;
Umuarama;Outros/Desconhecido;6;;
Praia Grande;Outros/Desconhecido;6;;
Formosa;Outros/Desconhecido;6;;
Primavera do Leste;MT;6;;
Desconhecido;RN;6;;
Valinhos;Outros/Desconhecido;6;;
Varzea Grande;MT;6;;
Altamira;Outros/Desconhecido;6;;
Serra Negra;Outros/Desconhecido;6;;
Olimpia;Outros/Desconhecido;6;;
Paco do Lumiar;Outros/Desconhecido;6;;
Lagarto;SE;6;;
Limeira;Outros/Desconhecido;6;;
Campina Grande;Outros/Desconhecido;6;;
Sao Benedito;MG;6;;
Mogi Mirim;Outros/Desconhecido;6;;
Sao Carlos;Outros/Desconhecido;6;;
Mesquita;RJ;6;;
Aguas Lindas de Goias;Outros/Desconhecido;6;;
Caceres;MT;6;;
Santa Maria;RS;6;;
Mairipora;Outros/Desconhecido;6;;
Camacari;BA;6;;
Crato;CE;6;;
Vinhedo;Outros/Desconhecido;5;;
Sao Goncalo;RJ;5;;
Sao Roque;Outros/Desconhecido;5;;
Rio Claro;Outros/Desconhecido;5;;
Rio Verde;Outros/Desconhecido;5;;
Novo Gama;Outros/Desconhecido;5;;
Macapa;Outros/Desconhecido;5;;
Santa Izabel do Para;Outros/Desconhecido;5;;
Miami;United States;5;;
Santa Cruz do Rio Pardo;Outros/Desconhecido;5;;
Santa Isabel;Outros/Desconhecido;5;;
Breves;Outros/Desconhecido;5;;
Braganca;Outros/Desconhecido;5;;
Campina Verde;MG;5;;
Campos do Jordao;Outros/Desconhecido;5;;
Barbalha;CE;5;;
Sao Jose dos Pinhais;Outros/Desconhecido;5;;
Bom Jesus dos Perdoes;Outros/Desconhecido;5;;
Boa Vista;RR;5;;
Marica;RJ;5;;
Mossoro;RN;5;;
Pindamonhangaba;Outros/Desconhecido;5;;
Feira de Santana;BA;5;;
Rancharia;Outros/Desconhecido;5;;
Queimados;RJ;5;;
Ponta Grossa;Outros/Desconhecido;5;;
Pitanga;Outros/Desconhecido;5;;
Jacarei;Outros/Desconhecido;5;;
Pereira Barreto;Outros/Desconhecido;5;;
Peruibe;Outros/Desconhecido;5;;
Itapema;SC;5;;
Patos;Outros/Desconhecido;5;;
Osvaldo Cruz;Outros/Desconhecido;5;;
Valenca;RJ;5;;
Jarinu;Outros/Desconhecido;5;;
Aracaju;SE;4;;
Senhor do Bonfim;BA;4;;
Valparaiso de Goias;Outros/Desconhecido;4;;
Agudos;Outros/Desconhecido;4;;
Jatai;Outros/Desconhecido;4;;
Jaragua do Sul;SC;4;;
Jandira;Outros/Desconhecido;4;;
Jaguariuna;Outros/Desconhecido;4;;
Jaciara;MT;4;;
Jaboatao dos Guararapes;PE;4;;
Lisbon;Portugal;4;;
Lencois Paulista;Outros/Desconhecido;4;;
Itapetininga;Outros/Desconhecido;4;;
Paranagua;Outros/Desconhecido;4;;
Palmital;Outros/Desconhecido;4;;
Palhoca;SC;4;;
Itaborai;RJ;4;;
Itabira;MG;4;;
Iguatu;CE;4;;
Gravatai;RS;4;;
Goiana;PE;4;;
Franco da Rocha;Outros/Desconhecido;4;;
Francisco Morato;Outros/Desconhecido;4;;
Pirapora do Bom Jesus;Outros/Desconhecido;4;;
Porto Ferreira;Outros/Desconhecido;4;;
Embu;Outros/Desconhecido;4;;
Guararema;Outros/Desconhecido;4;;
Nova Odessa;Outros/Desconhecido;4;;
Madrid;Spain;4;;
Lucas do Rio Verde;MT;4;;
Louveira;Outros/Desconhecido;4;;
Lorena;Outros/Desconhecido;4;;
Mineiros;Outros/Desconhecido;4;;
Colombo;Outros/Desconhecido;4;;
Desconhecido;India;4;;
Caxias do Sul;RS;4;;
Castilho;Outros/Desconhecido;4;;
Biritiba Mirim;Outros/Desconhecido;4;;
Campina Grande do Sul;Outros/Desconhecido;4;;
Cambe;Outros/Desconhecido;4;;
Calpella;United States;4;;
Caldas Novas;Outros/Desconhecido;4;;
Sao Francisco do Sul;SC;4;;
Bom Jesus do Itabapoana;RJ;4;;
Barra do Garcas;MT;4;;
Bady Bassitt;Outros/Desconhecido;4;;
Atibaia;Outros/Desconhecido;4;;
Marechal Candido Rondon;Outros/Desconhecido;4;;
Mandaguacu;Outros/Desconhecido;4;;
Navegantes;SC;4;;
Tupa;Outros/Desconhecido;3;;
Amparo;Outros/Desconhecido;3;;
Viana;Outros/Desconhecido;3;;
Nova Venecia;Outros/Desconhecido;3;;
Orlandia;Outros/Desconhecido;3;;
Lajeado;RS;3;;
Paragominas;Outros/Desconhecido;3;;
Linhares;Outros/Desconhecido;3;;
Laranjal Paulista;Outros/Desconhecido;3;;
Nova Lima;MG;3;;
Nova Mutum;MT;3;;
Loanda;Outros/Desconhecido;3;;
Mage;RJ;3;;
Mirandopolis;Outros/Desconhecido;3;;
Mirassol;Outros/Desconhecido;3;;
Nova Esperanca;Outros/Desconhecido;3;;
Monte Mor;Outros/Desconhecido;3;;
Cornelio Procopio;Outros/Desconhecido;3;;
Cravinhos;Outros/Desconhecido;3;;
Santana;Outros/Desconhecido;3;;
Santa Terezinha de Itaipu;Outros/Desconhecido;3;;
Santo Antonio de Padua;RJ;3;;
Catanduva;Outros/Desconhecido;3;;
Capela do Alto;Outros/Desconhecido;3;;
Campos dos Goytacazes;RJ;3;;
Caieiras;Outros/Desconhecido;3;;
Araras;Outros/Desconhecido;3;;
Armacao dos Buzios;RJ;3;;
Balneario Picarras;SC;3;;
Chapeco;SC;3;;
Salto;Outros/Desconhecido;3;;
Rio Bonito;RJ;3;;
Rio Branco;AC;3;;
Eusebio;CE;3;;
Potirendaba;Outros/Desconhecido;3;;
Desconhecido;RS;3;;
Desconhecido;PE;3;;
Pinheiro;Outros/Desconhecido;3;;
Poa;Outros/Desconhecido;3;;
Garanhuns;PE;3;;
Imbe;RS;3;;
Itatiba;Outros/Desconhecido;3;;
Itirapina;Outros/Desconhecido;3;;
Ibiuna;Outros/Desconhecido;3;;
Itapecerica da Serra;Outros/Desconhecido;3;;
Petrolina;PE;3;;
Patos de Minas;MG;3;;
Passos;MG;3;;
Pariquera-Acu;Outros/Desconhecido;3;;
Arraial do Cabo;RJ;3;;
Balneario Camboriu;SC;3;;
Sao Miguel Arcanjo;Outros/Desconhecido;3;;
Bebedouro;Outros/Desconhecido;3;;
Angatuba;Outros/Desconhecido;3;;
Aracariguama;Outros/Desconhecido;3;;
Sinop;MT;3;;
Teresina;Outros/Desconhecido;3;;
Votuporanga;Outros/Desconhecido;3;;
Votorantim;Outros/Desconhecido;3;;
Sete Lagoas;MG;3;;
Jequie;BA;2;;
Lins;Outros/Desconhecido;2;;
Mamanguape;Outros/Desconhecido;2;;
Pacajus;CE;2;;
Jacarezinho;Outros/Desconhecido;2;;
Mongagua;Outros/Desconhecido;2;;
Monte Carmelo;MG;2;;
Uba;MG;2;;
Alvares Machado;Outros/Desconhecido;2;;
Ubatuba;Outros/Desconhecido;2;;
Agua Boa;MT;2;;
Vargem Grande Paulista;Outros/Desconhecido;2;;
Ji-Parana;Outros/Desconhecido;2;;
Maracanau;CE;2;;
Manhumirim;MG;2;;
Muzambinho;MG;2;;
Monteiro;Outros/Desconhecido;2;;
London;United Kingdom;2;;
Luziania;Outros/Desconhecido;2;;
Macae;RJ;2;;
Macatuba;Outros/Desconhecido;2;;
Volta Redonda;RJ;2;;
Abreu e Lima;PE;2;;
Trindade;Outros/Desconhecido;2;;
Araxa;MG;2;;
Barreiras;BA;2;;
Sao Joao del Rei;MG;2;;
Sao Leopoldo;RS;2;;
Sao Lourenco da Serra;Outros/Desconhecido;2;;
Campo Formoso;BA;2;;
Para de Minas;MG;2;;
Jacupiranga;Outros/Desconhecido;2;;
Redencao;Outros/Desconhecido;2;;
Guarabira;Outros/Desconhecido;2;;
Frankfurt am Main;Germany;2;;
Pojuca;BA;2;;
Pirassununga;Outros/Desconhecido;2;;
Espirito Santo do Pinhal;Outros/Desconhecido;2;;
Dublin;Ireland;2;;
Dois Vizinhos;Outros/Desconhecido;2;;
Guarapuava;Outros/Desconhecido;2;;
Pilar do Sul;Outros/Desconhecido;2;;
Piracaia;Outros/Desconhecido;2;;
Pirapozinho;Outros/Desconhecido;2;;
Ipatinga;MG;2;;
Hidrolandia;Outros/Desconhecido;2;;
Holambra;Outros/Desconhecido;2;;
Itupeva;Outros/Desconhecido;2;;
Ipero;Outros/Desconhecido;2;;
Ituverava;Outros/Desconhecido;2;;
Itarare;Outros/Desconhecido;2;;
Pedreira;Outros/Desconhecido;2;;
Itapira;Outros/Desconhecido;2;;
Xangri-la;RS;2;;
Afonso Claudio;Outros/Desconhecido;2;;
Taboao da Serra;Outros/Desconhecido;2;;
Sorriso;MT;2;;
Taquarituba;Outros/Desconhecido;2;;
Terra Boa;Outros/Desconhecido;2;;
Socorro;Outros/Desconhecido;2;;
Artur Nogueira;Outros/Desconhecido;2;;
Aracuai;MG;2;;
Divinopolis;MG;2;;
Rio Pardo;RS;2;;
Rolandia;Outros/Desconhecido;2;;
Cianorte;Outros/Desconhecido;2;;
Ciudad del Este;Paraguay;2;;
Colatina;Outros/Desconhecido;2;;
Colorado;Outros/Desconhecido;2;;
Esteio;RS;2;;
Fazenda Rio Grande;Outros/Desconhecido;2;;
Formiga;MG;2;;
Fernandopolis;Outros/Desconhecido;2;;
Divinolandia de Minas;MG;2;;
Desconhecido;SC;2;;
Quirinopolis;Outros/Desconhecido;2;;
Cameta;Outros/Desconhecido;2;;
Capitan Bado;Paraguay;2;;
Capivari;Outros/Desconhecido;2;;
Campo Limpo Paulista;Outros/Desconhecido;2;;
Capao Bonito;Outros/Desconhecido;2;;
Brusque;SC;2;;
Cruzeiro do Sul;AC;2;;
Conceicao de Macabu;RJ;2;;
Cruzeiro do Oeste;Outros/Desconhecido;2;;
Sao Miguel do Oeste;SC;2;;
Brotas;Outros/Desconhecido;2;;
Serro;MG;2;;
Aracoiaba da Serra;Outros/Desconhecido;2;;
Sao Pedro da Aldeia;RJ;2;;
Alvorada;RS;1;;
Alagoinhas;BA;1;;
Ajax;Canada;1;;
Amsterdam;Netherlands;1;;
Altonia;Outros/Desconhecido;1;;
Alta Floresta;MT;1;;
Almirante Tamandare;Outros/Desconhecido;1;;
Albufeira;Portugal;1;;
Almenara;MG;1;;
Desconhecido;Netherlands;1;;
Desconhecido;TO;1;;
Desconhecido;France;1;;
Desconhecido;Canada;1;;
Desconhecido;Japan;1;;
Desconhecido;AL;1;;
Desconhecido;Portugal;1;;
Desconhecido;Peru;1;;
Desconhecido;SE;1;;
Araruama;RJ;1;;
Arcos;MG;1;;
Araucaria;Outros/Desconhecido;1;;
Aparecida;Outros/Desconhecido;1;;
Apucarana;Outros/Desconhecido;1;;
Aracruz;Outros/Desconhecido;1;;
Araguaina;TO;1;;
Arapiraca;AL;1;;
91477;Germany;1;;
