Destino;Cliques;Usuários
MS.gov;4869;3737
Painel do Aluno;4249;1255
Nota MS Premiada;3041;2144
Diário Oficial;2603;917
Licenciamento e Multas;1936;1068
Estoque de Sangue - Hemosul;1634;1274
Baixar CRLV;1174;647
Boleto habitacional;891;717
MS Qualifica;683;386
Autorização de Pesca (Solicitação);585;237
IPVA;504;389
Exames;458;190
Emissão de Certificados de Eventos da SES;448;395
Outros;299;206
Procons Municipais;292;12
Estoque de Medicamento Especializado;262;235
Lista de Eventos;254;226
Antecedentes Criminais;239;142
Agendamento de RG;233;171
CIPTEA;202;123
Painel de Brucelose de MS;199;176
Caminho Certo;192;173
Agendamento;169;111
MS Supera;136;115
B.O. Sem Vítimas;115;83
VisitMS;90;81
B.O. Online;87;64
Consulta de Processos;71;61
Credenciamento;67;55
Reclamação On-line;61;55
Carta de Serviço;46;35
Delegacia Virtual;46;37
Horários e Tarifas;45;27
Educação;40;33
Turismo;40;36
Denúncia;37;27
Boletins;32;26
Animal Identificado;31;27
Fale Conosco;27;18
Protetivas Online;27;26
Certificado de Vistoria;26;23
Agrotóxico;25;24
Documento de Trânsito;24;19
Não se Cale;24;19
Observatório de Turismo;23;22
Denúncias Online;19;17
LGPD;18;15
Cadastro de Produtor;16;15
Outros Assuntos;15;5
Cadastro de Plantio;14;12
