Cidade;Visitas
Campo Grande;65690
Dourados;14535
Três Lagoas;6540
Ponta Porã;3472
Aquidauana;3219
Corumbá;2695
Maracaju;2597
Sidrolândia;2588
Rio Verde de Mato Grosso;2167
Rio Brilhante;2068
Naviraí;1948
Terenos;1837
Ribas do Rio Pardo;1749
Itaporã;1719
Jardim;1690
Ivinhema;1676
Nova Andradina;1511
Bonito;1419
Cassilândia;1415
Ladário;1383
Coxim;1322
Amambai;1232
Paranaíba;1125
Guia Lopes da Laguna;1090
Nova Alvorada do Sul;1072
Caarapó;1048
Bataiporã;1018
Bataguassu;937
Iguatemi;918
São Gabriel do Oeste;897
Glória de Dourados;883
Aparecida do Taboado;833
Chapadão do Sul;828
Paraíso das Águas;793
Jateí;790
Rochedo;755
Paranhos;729
Bela Vista;680
Costa Rica;653
Santa Rita do Pardo;544
Fátima do Sul;539
Bodoquena;533
Japorã;501
Eldorado;480
Coronel Sapucaia;460
Sonora;409
Dois Irmãos do Buriti;385
